{"cameraMode":{"drawMode":0,"name":"Shaded","section":"Shading Mode"},"sceneLighting":true,"audioPlay":false,"sceneViewState":{"m_AlwaysRefresh":false,"showFog":true,"showSkybox":false,"showFlares":true,"showImageEffects":true,"showParticleSystems":true,"showVisualEffectGraphs":true,"m_FxEnabled":true},"in2DMode":false,"pivot":{"x":3.4960765838623049,"y":-0.0104522705078125,"z":1.6653776168823243},"rotation":{"x":0.08732353895902634,"y":-0.8964154124259949,"z":0.38365429639816286,"w":0.20403173565864564},"size":7.103705883026123,"orthographic":false}